"time","temperature_2m_max","temperature_2m_min","precipitation_sum"
"2020-01-01",-0.4,-4.5,0
"2020-01-02",-1.2,-7.9,3.5
"2020-01-03",-1.8,-6.6,4.3
"2020-01-04",-2,-5,8.1
"2020-01-05",-3.5,-8.3,0
"2020-01-06",-3.3,-7.4,6.8
"2020-01-07",-2.2,-4.8,11.6
"2020-01-08",-1,-5.3,2
"2020-01-09",-3.3,-7.9,0
"2020-01-10",-7.4,-13.2,0
"2020-01-11",-4.3,-13.9,0
"2020-01-12",-1.2,-6.7,13.7
"2020-01-13",2.4,-1.1,56
"2020-01-14",3.3,-2.2,0.1
"2020-01-15",-1.1,-3.3,0.3
"2020-01-16",-1,-5.1,0
"2020-01-17",-3,-6.4,0
"2020-01-18",-1.6,-8,1
"2020-01-19",-2.8,-9.7,0
"2020-01-20",-2.6,-8.5,0
"2020-01-21",-3.1,-6,10.3
"2020-01-22",-2.5,-6.5,6.1
"2020-01-23",-2,-7.3,0
"2020-01-24",-3.2,-6.4,0
"2020-01-25",-0.9,-7.3,2.7
"2020-01-26",-0.8,-5.1,4.4
"2020-01-27",0.8,-7.2,0.9
"2020-01-28",-0.4,-3.9,10.7
"2020-01-29",0.4,-4.5,9.4
"2020-01-30",-1.2,-6.9,0
"2020-01-31",-3,-6.9,0.2
"2020-02-01",-1.3,-6.1,0
"2020-02-02",-3.4,-6.8,0
"2020-02-03",-2.8,-9.3,0
"2020-02-04",0,-6.4,0
"2020-02-05",-0.4,-6.4,0
"2020-02-06",1.4,-4,0
"2020-02-07",1.5,-7.8,0
"2020-02-08",0.8,-8.7,0
"2020-02-09",-0.7,-5.2,0
"2020-02-10",0.2,-8.6,0
"2020-02-11",-0.8,-6.7,1.6
"2020-02-12",1.4,-3.7,2.3
"2020-02-13",3.1,0.2,4.2
"2020-02-14",3.8,-1,0
"2020-02-15",1,-3.8,0
"2020-02-16",3.9,-3.2,0
"2020-02-17",4.7,-1.7,0
"2020-02-18",2.5,-1.9,0
"2020-02-19",2.8,-3,5.7
"2020-02-20",1.7,-1.5,5.8
"2020-02-21",2.7,-3.5,0
"2020-02-22",3.4,-1.6,0
"2020-02-23",6.1,-1,0
"2020-02-24",6.2,-0.6,0
"2020-02-25",5.8,-1.8,0
"2020-02-26",8.6,-4.7,0
"2020-02-27",7.8,-0.8,0
"2020-02-28",3.6,-2.1,6
"2020-02-29",2.9,-2.3,5.8
"2020-03-01",8.2,-1.2,0
"2020-03-02",9.6,-0.9,0
"2020-03-03",10,-0.9,0
"2020-03-04",7.3,-3,0
"2020-03-05",5.3,0.8,3.1
"2020-03-06",3,-1.7,11.7
"2020-03-07",1.9,-1.5,12
"2020-03-08",2,-3.3,13.5
"2020-03-09",4.8,-3.5,0
"2020-03-10",8.4,-3,0
"2020-03-11",10.4,-1.7,0.8
"2020-03-12",5.7,-0.1,20.1
"2020-03-13",4.2,-1.1,5.4
"2020-03-14",6,-0.5,5.7
"2020-03-15",10.9,-0.3,0
"2020-03-16",12,-0.8,0
"2020-03-17",14.2,0.1,0
"2020-03-18",14.7,-0.2,0
"2020-03-19",14.6,0,0
"2020-03-20",15.1,-0.3,0
"2020-03-21",8.6,1.6,9.8
"2020-03-22",13.9,1,0.5
"2020-03-23",15.2,-0.4,0
"2020-03-24",6.1,1.5,14
"2020-03-25",11.8,1,0
"2020-03-26",13.5,0.9,3.2
"2020-03-27",6.6,-0.2,34.4
"2020-03-28",4.7,-0.7,11.5
"2020-03-29",11.2,0.2,0
"2020-03-30",11.3,0.6,0.5
"2020-03-31",9,3,11
"2020-04-01",12.9,3.1,5.9
"2020-04-02",13.3,0.8,3.9
"2020-04-03",15,2,0
"2020-04-04",17.3,3.6,0
"2020-04-05",17.7,2.5,5.8
"2020-04-06",14.4,5,1.2
"2020-04-07",12.8,4.4,10.4
"2020-04-08",16.4,2.9,0
"2020-04-09",16.7,3.3,2.4
"2020-04-10",17.5,5.5,2.1
"2020-04-11",20.1,5.7,0
"2020-04-12",21.3,5.5,0
"2020-04-13",20.9,7,0
"2020-04-14",18.1,8.2,6.7
"2020-04-15",13.9,7.8,32.3
"2020-04-16",17.4,5.2,0.1
"2020-04-17",11.6,6.6,13
"2020-04-18",9.8,5.1,13.3
"2020-04-19",15.6,4.9,5.3
"2020-04-20",17.1,6.3,0
"2020-04-21",18.3,6.5,0
"2020-04-22",19.4,7.1,0
"2020-04-23",21.3,6.7,0
"2020-04-24",21.7,8.2,0
"2020-04-25",22,9.4,0
"2020-04-26",22,8.4,0
"2020-04-27",20.2,11.1,1.2
"2020-04-28",20.3,8.5,0.2
"2020-04-29",22.4,7.8,0
"2020-04-30",23.1,9.5,0
"2020-05-01",23.7,8.4,0.2
"2020-05-02",20.2,10.9,18.9
"2020-05-03",18,9.1,5.2
"2020-05-04",18.9,8.6,5
"2020-05-05",17.5,8.9,12.6
"2020-05-06",16.6,7.3,12.5
"2020-05-07",20.4,7.5,0
"2020-05-08",22.4,7.8,0
"2020-05-09",21.8,8.7,1.3
"2020-05-10",20.1,8.4,0.9
"2020-05-11",21.7,9.6,0
"2020-05-12",22,10.2,1.2
"2020-05-13",22,11.1,0.2
"2020-05-14",17.1,9.6,11.2
"2020-05-15",21.1,7.9,3.4
"2020-05-16",21.3,9.9,2.8
"2020-05-17",21.6,9.1,0.1
"2020-05-18",16.6,9.6,1.9
"2020-05-19",19.4,7.9,2.1
"2020-05-20",22.5,7.8,0
"2020-05-21",24.5,8.2,0
"2020-05-22",26.2,8.6,0
"2020-05-23",23.7,11.3,4.8
"2020-05-24",23.9,10.5,0.1
"2020-05-25",25.9,10.4,0
"2020-05-26",27.1,11.3,0
"2020-05-27",27.6,11.2,0
"2020-05-28",23.3,14.4,0.4
"2020-05-29",21.5,13.3,2.6
"2020-05-30",20.2,12.1,8.5
"2020-05-31",18,10.5,13.4
"2020-06-01",20.5,9.1,0.4
"2020-06-02",21.1,10.7,6.4
"2020-06-03",23.1,10.7,0.5
"2020-06-04",23.8,12.9,0.3
"2020-06-05",23.5,12.7,2.1
"2020-06-06",23.4,14,3.6
"2020-06-07",25.1,15.3,0.3
"2020-06-08",26.7,14.8,0.1
"2020-06-09",26.1,13.8,0.6
"2020-06-10",26,13.6,0
"2020-06-11",24.7,14.6,1.3
"2020-06-12",24.9,12.9,0
"2020-06-13",23.3,12.8,0.7
"2020-06-14",26.9,13.5,0
"2020-06-15",27.6,12.9,0
"2020-06-16",28.3,13.1,0
"2020-06-17",29,14.8,0
"2020-06-18",29.2,13.9,0
"2020-06-19",29.5,14.2,0.1
"2020-06-20",27.9,14,0
"2020-06-21",29.9,15.8,0
"2020-06-22",31.1,14.3,0
"2020-06-23",31.3,17.6,0
"2020-06-24",28.3,16.9,2.1
"2020-06-25",26.8,15.5,5.9
"2020-06-26",28.4,17.6,0
"2020-06-27",29.4,16.8,0
"2020-06-28",27.9,15.7,4.3
"2020-06-29",27.2,13.4,1.3
"2020-06-30",31.1,16.8,0
"2020-07-01",30.8,17.6,0
"2020-07-02",31.8,16.3,0
"2020-07-03",32.4,17,0
"2020-07-04",30.7,17.3,0
"2020-07-05",28.2,17.2,2.6
"2020-07-06",29.9,15.7,0
"2020-07-07",31.7,17.4,0
"2020-07-08",31.8,18.6,0
"2020-07-09",31.6,20.4,0
"2020-07-10",31.2,17.4,0
"2020-07-11",31,18.7,0
"2020-07-12",29.5,17.3,0.1
"2020-07-13",29.5,16.4,0
"2020-07-14",31.1,15.2,0
"2020-07-15",31.5,16.8,0
"2020-07-16",29.3,17.8,2.2
"2020-07-17",31.5,19.1,0
"2020-07-18",30.6,19.2,0.6
"2020-07-19",30.7,18.2,0.9
"2020-07-20",30.6,17.7,0.2
"2020-07-21",19.8,15.7,12.3
"2020-07-22",26.1,13.7,2.3
"2020-07-23",29.8,14.8,0
"2020-07-24",29.9,16.3,0.7
"2020-07-25",30.2,18.6,1
"2020-07-26",31.1,19.2,0
"2020-07-27",31.5,20,0
"2020-07-28",32.4,19.2,0
"2020-07-29",31.9,19,0
"2020-07-30",29.6,19.4,0.1
"2020-07-31",30.5,19.1,1.8
"2020-08-01",28.7,19.1,3.3
"2020-08-02",32.1,18.1,0.1
"2020-08-03",32.7,18,0
"2020-08-04",32.2,18.3,0
"2020-08-05",32.7,19.3,0
"2020-08-06",31.7,19.7,0
"2020-08-07",33.4,21,0
"2020-08-08",31.2,20.6,2
"2020-08-09",29.8,20.7,6.9
"2020-08-10",30.2,19.6,9.8
"2020-08-11",31.1,19.8,0.4
"2020-08-12",32.6,19.3,0
"2020-08-13",32.7,20,0
"2020-08-14",32.3,21.3,0
"2020-08-15",32.1,20.9,0.1
"2020-08-16",34.4,20.6,0
"2020-08-17",35.4,21.7,0
"2020-08-18",30.9,21.4,6.3
"2020-08-19",29.7,20.9,0.7
"2020-08-20",23.6,19.1,6.4
"2020-08-21",23.5,17,43.2
"2020-08-22",28.5,16.2,0
"2020-08-23",30,17,0
"2020-08-24",31.6,18.2,0
"2020-08-25",30.4,20.7,2.2
"2020-08-26",26.7,18.6,29.4
"2020-08-27",18,15,47.3
"2020-08-28",23,14.2,19.4
"2020-08-29",25.3,14.3,0.6
"2020-08-30",26.5,15.3,0
"2020-08-31",21.9,16.6,13.4
"2020-09-01",26.2,15,0.4
"2020-09-02",27.2,16.4,0
"2020-09-03",26.5,17.4,0.5
"2020-09-04",20.3,14.9,15.4
"2020-09-05",23.7,14.9,0.1
"2020-09-06",24.3,15.3,3.9
"2020-09-07",23.8,13.5,2
"2020-09-08",26.4,15.1,0
"2020-09-09",26.7,14.4,0
"2020-09-10",26.6,13.6,0
"2020-09-11",26.2,14.7,0
"2020-09-12",26.9,13.7,0
"2020-09-13",26.9,13.8,0
"2020-09-14",26.6,14.3,0.1
"2020-09-15",26.8,14,0
"2020-09-16",27,12.8,0
"2020-09-17",27.5,12.9,0
"2020-09-18",27.6,12.6,0.1
"2020-09-19",27.3,12.3,0
"2020-09-20",27.3,13,0
"2020-09-21",27.7,12.5,0
"2020-09-22",28.5,12.6,0
"2020-09-23",27.9,13.1,0
"2020-09-24",27.6,12.5,0
"2020-09-25",27.1,12.9,0
"2020-09-26",23.7,11.4,2.8
"2020-09-27",20.8,10.4,2.2
"2020-09-28",24.2,9.2,0
"2020-09-29",25.1,9.6,0
"2020-09-30",25.4,9.8,0
"2020-10-01",25.3,9.6,0
"2020-10-02",25.9,9.8,0
"2020-10-03",26.2,10.2,0
"2020-10-04",26,10.3,0
"2020-10-05",26.2,10.3,0
"2020-10-06",26.1,10.2,0
"2020-10-07",26.2,10.7,0
"2020-10-08",26.1,9.6,0
"2020-10-09",25.6,10.1,0
"2020-10-10",25.6,9.3,0
"2020-10-11",25.4,8.7,0
"2020-10-12",24.6,8.4,0
"2020-10-13",23.9,7.2,0
"2020-10-14",24.4,8,0
"2020-10-15",24.4,8.5,0
"2020-10-16",24.6,7.7,0
"2020-10-17",25,7.3,0
"2020-10-18",24.1,7.9,0
"2020-10-19",23.7,8.8,0
"2020-10-20",23.7,9.6,0
"2020-10-21",22,8.8,0
"2020-10-22",21.7,8.5,0
"2020-10-23",21,7.8,0
"2020-10-24",20.5,6.8,0
"2020-10-25",18.2,7.1,0.5
"2020-10-26",17.4,4.4,0
"2020-10-27",18.5,4.2,0
"2020-10-28",19.3,4,0
"2020-10-29",19,5.7,0
"2020-10-30",17.4,4,0
"2020-10-31",18.3,4,0
"2020-11-01",15.9,4.8,0
"2020-11-02",17.6,3.9,0
"2020-11-03",18.6,2.8,0
"2020-11-04",18.2,3.6,0
"2020-11-05",17.7,2.8,0
"2020-11-06",18,2.9,0
"2020-11-07",17.8,2.4,0
"2020-11-08",17.4,2.9,0
"2020-11-09",17.2,4.4,0
"2020-11-10",17.8,6.3,0
"2020-11-11",17.8,6,0
"2020-11-12",17,5.3,0
"2020-11-13",16.6,3.7,0
"2020-11-14",10,2.8,11.3
"2020-11-15",5.7,0.6,26.6
"2020-11-16",5.4,0.2,8.4
"2020-11-17",8.6,-0.4,0
"2020-11-18",9.2,-2.3,0
"2020-11-19",8.4,-0.7,3.1
"2020-11-20",7.4,-1,4.4
"2020-11-21",8.1,-3.6,0
"2020-11-22",5.1,-2.7,0
"2020-11-23",1.3,-1.5,10.9
"2020-11-24",0.1,-2.2,6.7
"2020-11-25",0,-2.9,10.4
"2020-11-26",2.2,-2.4,3.2
"2020-11-27",-0.7,-5.5,0
"2020-11-28",-0.7,-6.7,0
"2020-11-29",1.7,-6.7,0
"2020-11-30",2.1,-2.2,0
"2020-12-01",3.9,-1.5,0
"2020-12-02",5.9,-1.5,0
"2020-12-03",5.3,-0.7,0
"2020-12-04",2.3,-1.2,5.3
"2020-12-05",2.4,-2.1,6.2
"2020-12-06",5.6,-2.4,0
"2020-12-07",4.1,-2.2,6.1
"2020-12-08",1,-1.4,22.3
"2020-12-09",1.9,-1.3,7
"2020-12-10",4.3,-1.9,4.2
"2020-12-11",3.4,-2.4,9.1
"2020-12-12",-0.8,-2.3,19.1
"2020-12-13",-0.4,-3,0
"2020-12-14",-1.6,-8.2,0
"2020-12-15",-1.2,-7.9,0
"2020-12-16",-1.3,-5.9,0
"2020-12-17",-3.8,-7.7,0
"2020-12-18",-2.9,-10.2,0
"2020-12-19",-4.4,-11.3,0
"2020-12-20",-2.3,-10.6,0
"2020-12-21",-1.5,-8.2,0.3
"2020-12-22",-0.5,-9,0
"2020-12-23",-1,-10.9,0
"2020-12-24",-0.8,-7.8,0
"2020-12-25",-0.7,-6.1,0
"2020-12-26",0.9,-8.2,0
"2020-12-27",0.8,-9,0
"2020-12-28",0.5,-3.8,4.2
"2020-12-29",-0.2,-7.4,1.6
"2020-12-30",-2.2,-8.1,0
"2020-12-31",-4.1,-14,0
"2021-01-01",-2,-13.3,0
"2021-01-02",-1.3,-8.4,0
"2021-01-03",-0.1,-7.3,4.9
"2021-01-04",-2.3,-5.6,2.2
"2021-01-05",-1.2,-4.2,17.6
"2021-01-06",0.5,-2.4,18
"2021-01-07",3.4,-2.4,0
"2021-01-08",4.2,-3.2,0
"2021-01-09",2.3,-2.1,2.2
"2021-01-10",2.6,-3.9,1.3
"2021-01-11",1.9,-6.6,0
"2021-01-12",0.6,-8.4,0
"2021-01-13",1.8,-7.7,0
"2021-01-14",1.7,-8.2,0
"2021-01-15",2.1,-5.3,0
"2021-01-16",3.7,-4,0
"2021-01-17",2.6,-5.2,0
"2021-01-18",3.9,-4.6,0
"2021-01-19",2,-7.7,0
"2021-01-20",3.2,-7.4,0
"2021-01-21",1.1,-6,0
"2021-01-22",4.3,-7.3,0
"2021-01-23",0.1,-2.7,15.5
"2021-01-24",0.4,-6,0
"2021-01-25",-2.1,-7.6,0
"2021-01-26",-2.5,-8.1,0
"2021-01-27",-2.2,-9.1,0
"2021-01-28",-2.2,-9.3,0
"2021-01-29",0.3,-9.4,0
"2021-01-30",-0.4,-10.3,0
"2021-01-31",-0.6,-10.8,0.1
"2021-02-01",1.5,-4.8,0.5
"2021-02-02",2.8,-9.8,0
"2021-02-03",1.8,-4.1,9.2
"2021-02-04",2.4,-3.8,1.4
"2021-02-05",4.3,-5.2,0
"2021-02-06",2.8,-7.2,0
"2021-02-07",3.5,-5.5,0
"2021-02-08",4.9,-6.2,0
"2021-02-09",6.3,-4,4.4
"2021-02-10",8.2,-2.1,0.2
"2021-02-11",8.1,-3.6,0
"2021-02-12",8.7,-1.4,0
"2021-02-13",8.2,0,0
"2021-02-14",10.8,-0.9,0
"2021-02-15",10.9,-2.9,0
"2021-02-16",10.9,-3.6,0
"2021-02-17",11.1,-3.8,0
"2021-02-18",11.3,-3.9,0
"2021-02-19",11.2,-4.3,0
"2021-02-20",8.9,-1,0
"2021-02-21",13,-0.6,0
"2021-02-22",11.5,2.5,0
"2021-02-23",11.6,1.3,7
"2021-02-24",12.8,-0.3,0.2
"2021-02-25",11,2.3,1.1
"2021-02-26",11.3,3,9.6
"2021-02-27",7.1,0.7,14.8
"2021-02-28",11.8,-1.4,0.8
"2021-03-01",12.5,-0.3,0
"2021-03-02",13.6,-2.7,0
"2021-03-03",15.5,-0.6,0.7
"2021-03-04",14.3,-0.6,0.8
"2021-03-05",15.1,1,0
"2021-03-06",12.4,-1.3,3.3
"2021-03-07",10.1,2,11.5
"2021-03-08",10,2.1,16.1
"2021-03-09",12.6,0,2.2
"2021-03-10",11.5,0.6,7.2
"2021-03-11",5.6,0.4,24.7
"2021-03-12",0.6,-1.6,23.9
"2021-03-13",9.8,-1.7,0
"2021-03-14",8.4,-0.8,3.6
"2021-03-15",12.7,-1.8,0
"2021-03-16",15.3,1.9,0.4
"2021-03-17",13.3,3.4,9.2
"2021-03-18",15.5,3.6,0.7
"2021-03-19",17,3.3,0.6
"2021-03-20",17.4,3.7,0
"2021-03-21",11.8,4.4,14.5
"2021-03-22",9.7,2.8,16.4
"2021-03-23",5.3,1.2,23.6
"2021-03-24",7.2,1.5,14.3
"2021-03-25",14.1,0,0
"2021-03-26",16,1.2,0
"2021-03-27",18.4,4.9,0
"2021-03-28",16.9,4.8,2.3
"2021-03-29",16.9,6.6,6.5
"2021-03-30",15.6,4.8,3.3
"2021-03-31",17.7,4.8,0
"2021-04-01",18.6,2.1,0
"2021-04-02",16.2,0.9,0.2
"2021-04-03",16.4,0.1,0
"2021-04-04",14.5,1,3.7
"2021-04-05",13.1,3.3,7.5
"2021-04-06",12.5,4.5,41.5
"2021-04-07",14.8,3.2,12.8
"2021-04-08",15.8,2.6,6.2
"2021-04-09",16.6,2.3,0.1
"2021-04-10",17,4.1,0.5
"2021-04-11",12.3,3.9,8.5
"2021-04-12",16.8,5.5,5.6
"2021-04-13",15.2,4,0.3
"2021-04-14",18.5,5.8,0
"2021-04-15",10.3,4.4,14.2
"2021-04-16",9.1,3.9,9.6
"2021-04-17",11.7,6.1,22.3
"2021-04-18",15.3,5.7,18.5
"2021-04-19",17.4,4,2.2
"2021-04-20",17,4.8,0.1
"2021-04-21",16.1,7.7,0.3
"2021-04-22",12.1,4.9,19
"2021-04-23",11.8,3.5,5
"2021-04-24",18.6,1,0
"2021-04-25",19.6,1.2,0
"2021-04-26",21.1,4.6,0
"2021-04-27",21.9,6.8,0
"2021-04-28",22.4,7.2,0
"2021-04-29",22.6,7.3,0.4
"2021-04-30",22.4,7.6,0.3
"2021-05-01",22.9,7.9,0
"2021-05-02",23.4,8.9,0
"2021-05-03",24,9.1,0
"2021-05-04",23.7,8.9,4
"2021-05-05",17.8,10.3,12.8
"2021-05-06",20.6,9,3
"2021-05-07",18.4,9.9,4.2
"2021-05-08",20.3,9.7,0.3
"2021-05-09",20.6,9.4,0.2
"2021-05-10",22,9.2,0.3
"2021-05-11",19.3,10.1,7.4
"2021-05-12",18.1,9.2,12.5
"2021-05-13",18.4,9.3,6.1
"2021-05-14",17.9,8.5,5.2
"2021-05-15",19.2,9.1,1.7
"2021-05-16",19.6,8.7,1.1
"2021-05-17",20.1,9.3,0.9
"2021-05-18",22.9,7.5,6
"2021-05-19",21.6,10.1,0
"2021-05-20",23.2,8.9,0
"2021-05-21",19.1,10.5,9.5
"2021-05-22",19.9,9.3,0.7
"2021-05-23",14.5,8.2,2.1
"2021-05-24",20.4,6.2,0
"2021-05-25",22.3,8.5,0
"2021-05-26",23.7,8.8,0
"2021-05-27",25.6,8.7,0
"2021-05-28",26.8,10.1,0
"2021-05-29",27.5,10.3,0
"2021-05-30",26.3,11.2,0
"2021-05-31",24.2,11.6,0.4
"2021-06-01",21.8,12.9,3
"2021-06-02",23.2,13.2,0
"2021-06-03",22.7,12.7,0.4
"2021-06-04",23.7,13.9,0
"2021-06-05",25.8,12.6,0
"2021-06-06",28,13.6,0
"2021-06-07",29.3,13.7,0
"2021-06-08",30.8,14.3,0
"2021-06-09",31.1,15.2,0
"2021-06-10",32.1,16.2,0
"2021-06-11",30.8,18,0
"2021-06-12",29.8,15.2,0
"2021-06-13",26.4,16.7,2.3
"2021-06-14",25.2,14.1,7.8
"2021-06-15",24.2,13,0.9
"2021-06-16",24.2,12.9,5
"2021-06-17",22.3,12.8,5.8
"2021-06-18",24.7,12,0
"2021-06-19",26.6,12.3,0
"2021-06-20",26.2,14.1,0
"2021-06-21",24.4,13.2,5
"2021-06-22",26.1,12.3,0
"2021-06-23",27.1,13.4,0
"2021-06-24",26.7,13.8,0.3
"2021-06-25",26.3,13.7,0.1
"2021-06-26",25.7,13.9,0.5
"2021-06-27",27.4,14.9,0
"2021-06-28",29,14.7,0
"2021-06-29",30.3,15.1,0
"2021-06-30",31.1,17.1,0
"2021-07-01",30.3,16.5,0
"2021-07-02",28.4,15.7,0.1
"2021-07-03",25.5,15.4,1.9
"2021-07-04",27.2,15.7,0.2
"2021-07-05",28.9,15.3,0
"2021-07-06",28.8,17,0
"2021-07-07",28.7,17.1,0.2
"2021-07-08",30.4,17.1,0
"2021-07-09",32.2,19,0
"2021-07-10",30.9,20.2,0
"2021-07-11",30.4,19.2,0.6
"2021-07-12",26.4,18.6,20.2
"2021-07-13",26,16.2,1.1
"2021-07-14",22.9,16.1,3.6
"2021-07-15",29.7,15.1,1.5
"2021-07-16",31.1,18,0
"2021-07-17",32.4,19.6,0
"2021-07-18",33.7,21.5,0
"2021-07-19",28.8,19.3,22.3
"2021-07-20",22.3,17.2,18.2
"2021-07-21",24,15.4,17.8
"2021-07-22",25.2,14.2,0.4
"2021-07-23",26.8,16.7,0
"2021-07-24",28.9,18.6,0
"2021-07-25",29.6,20.6,0
"2021-07-26",30,22.3,0
"2021-07-27",30.9,22.2,4.8
"2021-07-28",24.4,19.6,19.1
"2021-07-29",27.6,18.8,2.8
"2021-07-30",25.1,18.7,12
"2021-07-31",27,18.2,0.7
"2021-08-01",26.3,17.8,11.3
"2021-08-02",26.1,16.6,2.8
"2021-08-03",27.9,18,0.4
"2021-08-04",27.1,17.1,7.4
"2021-08-05",27.6,18.4,0.3
"2021-08-06",27.1,16.1,0
"2021-08-07",28.1,18.1,0.3
"2021-08-08",28.5,17,0
"2021-08-09",27.2,17,1.5
"2021-08-10",28.1,17.5,0.1
"2021-08-11",29,18,0
"2021-08-12",28.8,17.5,0.1
"2021-08-13",29.3,17.8,0
"2021-08-14",26.2,17,10.5
"2021-08-15",19.7,13.4,5.8
"2021-08-16",25.7,10.8,0
"2021-08-17",28,13.6,0
"2021-08-18",29.1,16.5,0
"2021-08-19",29.3,16.4,0
"2021-08-20",29.5,17,0
"2021-08-21",29,17.9,0
"2021-08-22",25.6,17,0.3
"2021-08-23",29.9,17.7,0
"2021-08-24",30.6,17.4,0
"2021-08-25",31.1,18.1,0
"2021-08-26",31.1,17.8,0.1
"2021-08-27",31.2,18.1,0
"2021-08-28",29.4,18.6,0.1
"2021-08-29",25.4,15.4,7.1
"2021-08-30",27.2,14.3,1.9
"2021-08-31",25.6,14.7,1
"2021-09-01",25.5,13.8,4.1
"2021-09-02",28.3,15.3,0
"2021-09-03",29,16.2,0.1
"2021-09-04",29.4,17.5,0
"2021-09-05",30.6,17.2,0
"2021-09-06",30.9,19.3,0
"2021-09-07",30.8,18.6,0
"2021-09-08",26.9,18.6,1.3
"2021-09-09",26.4,17.8,5.3
"2021-09-10",26.8,16.6,10.8
"2021-09-11",19.1,15.1,62.1
"2021-09-12",22.5,13.2,2.2
"2021-09-13",25.1,15.4,1.1
"2021-09-14",26.5,14.4,0
"2021-09-15",26.1,14.5,0
"2021-09-16",27,14.9,0
"2021-09-17",27.5,15.1,0
"2021-09-18",28.2,16.4,0
"2021-09-19",27.9,15.4,0
"2021-09-20",27.3,16.7,0.9
"2021-09-21",25.8,15,4.2
"2021-09-22",24.4,13.9,3.8
"2021-09-23",24.2,14.2,1.6
"2021-09-24",25.4,14.2,1.4
"2021-09-25",26.4,14.4,0
"2021-09-26",27.8,12.3,0
"2021-09-27",28.6,15.7,0
"2021-09-28",28.5,16.4,0
"2021-09-29",28,14.5,0
"2021-09-30",28.5,15.9,0
"2021-10-01",28.3,16.7,0
"2021-10-02",25.3,15.2,1.4
"2021-10-03",25.2,14,2.6
"2021-10-04",24.1,11.9,1
"2021-10-05",25.6,12.7,0
"2021-10-06",26.1,11.5,0
"2021-10-07",26.4,11.3,0
"2021-10-08",26.8,11.1,0
"2021-10-09",25.8,11.9,0
"2021-10-10",24.6,11.3,1.3
"2021-10-11",18,8.2,4.7
"2021-10-12",19.9,7.7,0.4
"2021-10-13",21.9,5.8,0
"2021-10-14",21.8,5.5,0
"2021-10-15",22.4,6.2,0
"2021-10-16",23.2,7.6,0
"2021-10-17",14.8,8.5,28
"2021-10-18",15.9,8,14
"2021-10-19",17.9,5.9,0
"2021-10-20",19.3,4.8,0
"2021-10-21",19.4,4.4,0
"2021-10-22",19.5,5.4,3.7
"2021-10-23",9.2,3.8,52.4
"2021-10-24",8.5,2.9,22.8
"2021-10-25",12.9,2.8,0.7
"2021-10-26",13.8,0.6,0
"2021-10-27",15.4,2.5,0
"2021-10-28",14.6,0.3,0
"2021-10-29",15.6,0.7,0.8
"2021-10-30",15.9,0.2,0
"2021-10-31",15.3,-0.9,0
"2021-11-01",15.2,0.5,0.3
"2021-11-02",13.8,1.4,0.1
"2021-11-03",13.9,0.1,0
"2021-11-04",13.3,0.2,0
"2021-11-05",7.6,1,11.4
"2021-11-06",11.4,0.2,1.3
"2021-11-07",13.1,-1.7,0
"2021-11-08",14.1,-0.7,0
"2021-11-09",13.9,-1.9,0
"2021-11-10",15.3,-0.9,0
"2021-11-11",15.1,-0.5,0
"2021-11-12",15.2,-1.1,0
"2021-11-13",14.5,-1.1,0
"2021-11-14",14.5,-1.5,0
"2021-11-15",12.8,-1.6,0
"2021-11-16",12,-4.2,0
"2021-11-17",13,-2.1,0
"2021-11-18",14.8,1.3,0
"2021-11-19",14.7,-1.8,0
"2021-11-20",13.9,-1.4,0
"2021-11-21",14,-1.6,0
"2021-11-22",14,-1.6,0
"2021-11-23",12.7,-3.3,0
"2021-11-24",13,1.4,1.9
"2021-11-25",14,-0.9,0
"2021-11-26",11.4,-2.3,0
"2021-11-27",12.3,-0.7,0
"2021-11-28",12.6,-2.3,2
"2021-11-29",11.7,-1.7,0
"2021-11-30",10.7,-2.6,0
"2021-12-01",12.5,-1.4,0
"2021-12-02",13,-2.4,0
"2021-12-03",12.3,-2.5,0
"2021-12-04",12.3,-1.9,0
"2021-12-05",9.1,0.2,1.5
"2021-12-06",5.1,-2.4,8.4
"2021-12-07",4.6,-7,0
"2021-12-08",6.1,-1.9,0
"2021-12-09",6.8,-4.1,0
"2021-12-10",6.9,-6.7,0
"2021-12-11",4.9,-5.5,0
"2021-12-12",4.1,-3.2,0
"2021-12-13",6,-5.2,0
"2021-12-14",5.3,-3.3,1.3
"2021-12-15",3.6,-5.3,0
"2021-12-16",4.5,-5.9,0
"2021-12-17",4.8,-5.6,0
"2021-12-18",4.6,-7.8,0
"2021-12-19",3.6,-7.6,0
"2021-12-20",4.3,-6.2,0
"2021-12-21",7.4,-3.5,0
"2021-12-22",6.8,-3.6,0
"2021-12-23",6.7,-0.6,4.4
"2021-12-24",5.3,-3.2,6.3
"2021-12-25",4.9,-4.4,1.9
"2021-12-26",4.4,-3.1,9
"2021-12-27",0.6,-4.3,28.1
"2021-12-28",0.3,-8.3,0
"2021-12-29",1.4,-10.1,0
"2021-12-30",-0.7,-12.1,0
"2021-12-31",-0.2,-6.8,0
"2022-01-01",-0.1,-6.2,0.2
"2022-01-02",0.8,-4.9,0
"2022-01-03",0.6,-9,1.3
"2022-01-04",-0.5,-3.5,7.9
"2022-01-05",-0.3,-2.8,30
"2022-01-06",0.5,-1.8,9.5
"2022-01-07",0.2,-2.9,23.6
"2022-01-08",0,-1.9,49.2
"2022-01-09",-0.6,-4.4,2.1
"2022-01-10",-0.9,-5.1,2.1
"2022-01-11",-1.7,-6.8,0
"2022-01-12",-2.7,-6.8,0
"2022-01-13",-2.6,-8,0
"2022-01-14",-2.5,-9,0
"2022-01-15",-2.7,-8.2,0
"2022-01-16",-1.3,-7.3,0
"2022-01-17",-1.1,-5.8,0.8
"2022-01-18",-1.3,-3.6,0.7
"2022-01-19",-0.6,-4,3.3
"2022-01-20",1.5,-4.8,0.1
"2022-01-21",1,-4.8,6.9
"2022-01-22",1.3,-1.9,0.6
"2022-01-23",0,-2.7,17.6
"2022-01-24",0.8,-4.3,8.3
"2022-01-25",-0.4,-6.8,0
"2022-01-26",-0.3,-4.9,0
"2022-01-27",-0.1,-9,0
"2022-01-28",-1.7,-7,0
"2022-01-29",4.3,-6.7,0
"2022-01-30",1.6,-7.9,0
"2022-01-31",1.6,-2,0
"2022-02-01",-0.3,-4.5,2.7
"2022-02-02",0.1,-7,2
"2022-02-03",1.4,-2.5,8.6
"2022-02-04",4.1,-1.6,3.4
"2022-02-05",0.2,-6.5,0
"2022-02-06",-0.7,-3.6,0.9
"2022-02-07",0.4,-3.6,12.6
"2022-02-08",-0.4,-5.1,0.1
"2022-02-09",1.3,-4.2,9
"2022-02-10",1,-6.2,0
"2022-02-11",1.6,-8,0
"2022-02-12",0.3,-4.8,0
"2022-02-13",2.2,-4.8,0
"2022-02-14",4,-1.1,0
"2022-02-15",3.7,-0.3,0
"2022-02-16",3.7,-1.8,1.9
"2022-02-17",3.1,-5.4,2.4
"2022-02-18",2.8,-4.3,2.3
"2022-02-19",4.3,-4.6,1.3
"2022-02-20",4.7,-4.3,0
"2022-02-21",7,-7,0
"2022-02-22",2.6,-1.6,12
"2022-02-23",0,-3,34.4
"2022-02-24",1.4,-3.3,4
"2022-02-25",0.5,-4.3,20.2
"2022-02-26",1.6,-3.1,3.1
"2022-02-27",1.7,-4.3,0.5
"2022-02-28",-0.5,-6.9,0
"2022-03-01",-0.1,-2.8,4.5
"2022-03-02",1.5,-3.4,0.3
"2022-03-03",2.5,-1.9,4.7
"2022-03-04",4.8,-3.6,7.5
"2022-03-05",4.6,-3.8,0
"2022-03-06",5.3,0.1,0.9
"2022-03-07",2.5,-0.9,14.3
"2022-03-08",5.7,-2.3,0
"2022-03-09",10.1,-0.4,0
"2022-03-10",12,0,0
"2022-03-11",12.8,3.1,0
"2022-03-12",11.7,1.3,0
"2022-03-13",14.1,4.5,0
"2022-03-14",13.8,5,0
"2022-03-15",14.8,2.3,0.8
"2022-03-16",15.5,-0.3,0
"2022-03-17",17,4.2,0
"2022-03-18",16.7,4.5,0
"2022-03-19",11,3.8,7.1
"2022-03-20",15,5.3,0.8
"2022-03-21",17.2,1.6,0
"2022-03-22",18.3,3.5,0
"2022-03-23",19.5,4.6,0
"2022-03-24",15.8,4.4,5
"2022-03-25",17.2,1.4,0
"2022-03-26",18.6,1.1,0
"2022-03-27",19.4,2.2,0
"2022-03-28",21.9,4.7,0
"2022-03-29",22.9,3.8,0
"2022-03-30",22.5,3.6,0
"2022-03-31",22.7,3.9,0
"2022-04-01",22.3,2.9,0
"2022-04-02",24.6,4.8,0.1
"2022-04-03",21.4,8.8,0
"2022-04-04",23.1,6.1,0
"2022-04-05",24.5,5.8,0
"2022-04-06",25.1,6,0
"2022-04-07",25.4,5.5,0
"2022-04-08",25.2,5.4,0
"2022-04-09",22.4,7.3,1.9
"2022-04-10",23.6,6.2,0
"2022-04-11",25.6,5.5,0
"2022-04-12",26.1,8.4,3.6
"2022-04-13",19.5,9.1,20.1
"2022-04-14",16.8,7,2.7
"2022-04-15",19.7,6.4,0
"2022-04-16",22.7,5.5,0
"2022-04-17",24.9,5.9,0
"2022-04-18",25.8,6.6,0
"2022-04-19",22.4,8.6,1
"2022-04-20",20.7,7.2,6.1
"2022-04-21",14.3,6.1,9.4
"2022-04-22",17.5,5.6,3.9
"2022-04-23",17.1,6.8,0
"2022-04-24",19.8,5.2,0
"2022-04-25",16.9,7.9,16.4
"2022-04-26",21,7.8,0
"2022-04-27",23.5,5.6,0
"2022-04-28",24.7,8.7,2.4
"2022-04-29",22.1,10.6,0
"2022-04-30",23.4,8.6,0.4
"2022-05-01",25.7,9.4,0
"2022-05-02",27.1,9.2,0
"2022-05-03",25.2,9.9,0.6
"2022-05-04",20.4,8.1,6
"2022-05-05",21.5,8.6,4.4
"2022-05-06",21.3,7.8,1.7
"2022-05-07",23.8,8.4,0
"2022-05-08",26.3,8.8,0
"2022-05-09",26.8,9.7,0
"2022-05-10",26.4,10,0.1
"2022-05-11",27.5,10.4,0
"2022-05-12",27.5,10.5,0.2
"2022-05-13",27.8,10.4,0
"2022-05-14",29,10,0
"2022-05-15",28.9,10.3,0.6
"2022-05-16",24.1,12.7,0
"2022-05-17",25,10.4,1.4
"2022-05-18",26.4,10.4,0
"2022-05-19",26.3,10.4,2.4
"2022-05-20",16.5,9.1,8
"2022-05-21",21.1,7.6,2.4
"2022-05-22",21.7,8.3,6.9
"2022-05-23",19.4,9.1,9.4
"2022-05-24",19.2,9.5,7
"2022-05-25",23.8,8,0
"2022-05-26",26.1,9.9,0
"2022-05-27",26.6,10.6,0.1
"2022-05-28",22.5,11.6,3.2
"2022-05-29",24.1,10.8,0.1
"2022-05-30",22.1,11.3,0.7
"2022-05-31",23.1,9.8,2.2
"2022-06-01",22.3,11,1.8
"2022-06-02",24,8.6,0
"2022-06-03",25.6,9.9,0
"2022-06-04",26.2,10.7,0
"2022-06-05",27.2,11.2,0
"2022-06-06",28.3,12.7,0
"2022-06-07",28.6,12.7,0
"2022-06-08",27.4,16.2,0.1
"2022-06-09",27.2,13,0.1
"2022-06-10",25.7,13,0
"2022-06-11",26.7,11.9,0
"2022-06-12",24.7,13.8,0.1
"2022-06-13",26.5,13.1,0
"2022-06-14",29.4,12.6,0
"2022-06-15",30.5,13.7,0.1
"2022-06-16",28.6,14.2,1.2
"2022-06-17",25.2,15.1,4.2
"2022-06-18",19.7,12.2,12.5
"2022-06-19",18.3,10.8,12.3
"2022-06-20",18.4,10.6,16.1
"2022-06-21",14.6,10,21.8
"2022-06-22",18,10.1,20.4
"2022-06-23",23.5,10,0
"2022-06-24",26.6,9.5,0
"2022-06-25",27.8,11.2,0
"2022-06-26",29,12.5,0
"2022-06-27",29.2,14.5,0
"2022-06-28",30.1,15.4,0
"2022-06-29",30.8,16.4,0
"2022-06-30",31.2,18.2,0
"2022-07-01",30.4,19.7,0.3
"2022-07-02",30.5,21.7,0.6
"2022-07-03",30.9,20.9,1.4
"2022-07-04",31.2,20.8,2.4
"2022-07-05",28.5,18.9,6.2
"2022-07-06",27.6,18.2,7.1
"2022-07-07",28.3,18.7,1.1
"2022-07-08",29.8,19.3,0.1
"2022-07-09",28.3,19.1,12.2
"2022-07-10",24.6,18.2,8.4
"2022-07-11",24,16.1,1.3
"2022-07-12",25.7,15.4,0.9
"2022-07-13",22.9,15.5,0.4
"2022-07-14",19.6,14.7,18.4
"2022-07-15",24.6,14.9,16.8
"2022-07-16",23.8,15.2,20.9
"2022-07-17",27.4,15.3,1
"2022-07-18",29.7,17.6,0
"2022-07-19",29.4,17.5,0.7
"2022-07-20",28.5,18.2,0
"2022-07-21",26.8,20.3,0.4
"2022-07-22",27.6,18.8,0.3
"2022-07-23",26.1,19.7,3.2
"2022-07-24",24.5,18.1,11.5
"2022-07-25",26.3,18.2,20.1
"2022-07-26",27.2,17.6,5.6
"2022-07-27",26.6,18.6,26.9
"2022-07-28",25.2,18.7,9.4
"2022-07-29",26.7,17.1,3.5
"2022-07-30",26.7,16.5,0
"2022-07-31",24.1,17.1,27.6
"2022-08-01",21.9,15.1,18.9
"2022-08-02",26,12.5,0
"2022-08-03",27.2,14.1,0
"2022-08-04",28.4,17,0
"2022-08-05",26.4,15.9,0
"2022-08-06",27.2,17,2.6
"2022-08-07",28.8,17.6,0
"2022-08-08",28.1,16.5,0.9
"2022-08-09",28.1,17.1,4.5
"2022-08-10",29.2,18.7,0.7
"2022-08-11",28,17.6,0.3
"2022-08-12",26.7,17.8,7.7
"2022-08-13",29.4,17.3,0
"2022-08-14",30.6,16.7,1.5
"2022-08-15",23.3,17.9,21.2
"2022-08-16",26.8,16.8,11.3
"2022-08-17",23.7,16.3,12
"2022-08-18",27.6,16.3,0
"2022-08-19",28.6,16,0
"2022-08-20",27.8,17.1,13.1
"2022-08-21",26.3,15.9,4.8
"2022-08-22",27.2,15.4,0
"2022-08-23",27.2,17.1,0
"2022-08-24",26.8,16.7,0.7
"2022-08-25",22.1,15.1,3.2
"2022-08-26",24.3,14.7,0
"2022-08-27",26.4,14.7,1
"2022-08-28",25.8,14.9,1.4
"2022-08-29",25,15,1.5
"2022-08-30",26.8,14,0.2
"2022-08-31",27.6,15.1,0
"2022-09-01",27.4,14.9,0
"2022-09-02",28.6,14.9,0
"2022-09-03",28.4,15.9,0
"2022-09-04",27.9,16.3,0.4
"2022-09-05",24.4,16.2,0.4
"2022-09-06",27,14.3,0.1
"2022-09-07",28.2,14.8,0
"2022-09-08",29.7,15.7,0
"2022-09-09",29.3,16.8,0
"2022-09-10",28.4,16.2,1.5
"2022-09-11",24.3,14.6,26.2
"2022-09-12",23.9,13,8.1
"2022-09-13",26.6,13.4,0
"2022-09-14",26.9,14,0
"2022-09-15",27.6,14.1,0
"2022-09-16",27.4,13.8,0.9
"2022-09-17",24.1,14.5,4.2
"2022-09-18",25.8,12.4,0
"2022-09-19",27.3,11.7,0
"2022-09-20",26.8,12.4,0
"2022-09-21",26.2,13.9,0
"2022-09-22",26.8,12.4,0
"2022-09-23",27.3,13.5,0
"2022-09-24",25.1,14.2,0.4
"2022-09-25",20.8,12.7,7.9
"2022-09-26",23.2,10.6,0
"2022-09-27",25.3,11.5,0
"2022-09-28",25.5,11.5,0.2
"2022-09-29",24.8,11.3,0
"2022-09-30",26,9.6,0
"2022-10-01",25.5,11.5,0
"2022-10-02",22.9,11.3,1.2
"2022-10-03",24.4,12.1,0
"2022-10-04",25.2,9.7,0
"2022-10-05",25.2,9.8,0
"2022-10-06",24.8,9.4,0
"2022-10-07",24.1,7.9,0
"2022-10-08",24.8,9.7,0
"2022-10-09",24.6,8.1,0
"2022-10-10",22.3,10.1,0.4
"2022-10-11",21,8.5,4.5
"2022-10-12",19.8,7.4,3.4
"2022-10-13",19.9,6,0
"2022-10-14",21.1,5.4,0
"2022-10-15",22.4,4.7,0
"2022-10-16",23.6,5.2,0
"2022-10-17",23.3,5.9,0.1
"2022-10-18",18.6,8.1,0.9
"2022-10-19",18.2,6.7,5.2
"2022-10-20",11.4,3,18.5
"2022-10-21",14,1.9,0
"2022-10-22",15.6,0.4,0
"2022-10-23",16.9,0,0
"2022-10-24",17.8,1,0
"2022-10-25",18.5,2.2,0
"2022-10-26",19,2.1,0.2
"2022-10-27",18.8,1.8,0
"2022-10-28",17.8,1.9,0
"2022-10-29",18.5,1.1,0
"2022-10-30",18.9,2.6,0
"2022-10-31",15.8,2.3,3
"2022-11-01",10.1,4.6,20.2
"2022-11-02",14.9,0.7,0
"2022-11-03",16.8,2.8,0
"2022-11-04",17.7,2.7,0
"2022-11-05",15.2,4.9,2.3
"2022-11-06",10.6,5.2,37.3
"2022-11-07",6.8,1.4,6.2
"2022-11-08",10.1,-0.3,0.9
"2022-11-09",9.9,1.8,3.9
"2022-11-10",10.2,0.1,9.2
"2022-11-11",9.6,-3.1,0
"2022-11-12",10.7,-3.8,0
"2022-11-13",8.5,-3.5,0.8
"2022-11-14",1.3,-1.1,17.1
"2022-11-15",5.7,-1.5,0
"2022-11-16",8.4,-1.3,0
"2022-11-17",9.5,-4.3,0
"2022-11-18",8.2,-3.8,0
"2022-11-19",3.9,-1.4,5.8
"2022-11-20",8.9,-2.8,0
"2022-11-21",8.4,-6.2,0
"2022-11-22",10.1,-3.9,0
"2022-11-23",9.4,-5.8,0
"2022-11-24",9.8,-4.8,0
"2022-11-25",9.8,-1.9,0
"2022-11-26",11,-0.3,0
"2022-11-27",11.5,-1.3,0
"2022-11-28",11.1,-2.6,0
"2022-11-29",10.5,-2.8,0
"2022-11-30",10.8,-0.4,0
"2022-12-01",10.3,0.1,0
"2022-12-02",10.9,-1.2,0
"2022-12-03",11.8,-2.3,0
"2022-12-04",10.3,-3.7,0
"2022-12-05",10,-2.7,0
"2022-12-06",9.5,-3,0
"2022-12-07",8.4,-3.6,0
"2022-12-08",7.1,-1.3,2.8
"2022-12-09",3.7,-1.5,25.6
"2022-12-10",5.8,-3.2,22.7
"2022-12-11",7,-7.1,1.6
"2022-12-12",5.1,-8.5,0.2
"2022-12-13",8.5,-8.2,0.1
"2022-12-14",5.9,-9.2,0
"2022-12-15",5.7,-2.6,0
"2022-12-16",5.5,-2.8,0
"2022-12-17",7.6,-5.9,0
"2022-12-18",8.2,-4.9,0
"2022-12-19",8.9,-6.5,0
"2022-12-20",9,-7.3,0
"2022-12-21",7.8,-7.1,0
"2022-12-22",6.3,-8.3,0
"2022-12-23",6.2,-7.4,0
"2022-12-24",8,-6.8,0
"2022-12-25",6.2,-7.9,0
"2022-12-26",6.7,-5,0
"2022-12-27",7.7,-7.1,0
"2022-12-28",7.7,-6.3,0
"2022-12-29",3.6,-4.5,15.9
"2022-12-30",0.9,-6.5,26.6
"2022-12-31",-2.1,-8.5,0
"2023-01-01",-0.9,-7.4,0
"2023-01-02",-1,-10.2,0
"2023-01-03",0,-12.5,0
"2023-01-04",0.5,-15.3,0
"2023-01-05",-1.6,-9.1,0
"2023-01-06",-3,-9.1,0
"2023-01-07",2,-4.2,0.7
"2023-01-08",1.6,-3.7,6.6
"2023-01-09",2.3,-2.4,18.7
"2023-01-10",3.9,-0.9,0
"2023-01-11",1.9,-1.6,15
"2023-01-12",1,-2.8,8.9
"2023-01-13",0.7,-4.7,13.4
"2023-01-14",-1.7,-6.3,1.8
"2023-01-15",-2.2,-9.8,0
"2023-01-16",-3.7,-9.4,0
"2023-01-17",-5.7,-10.1,0
"2023-01-18",-6.2,-13.1,0
"2023-01-19",-3.1,-7.5,0
"2023-01-20",-1.5,-6,9.7
"2023-01-21",-2.3,-6,7.9
"2023-01-22",-0.8,-5.8,7.3
"2023-01-23",-2.1,-5.8,0
"2023-01-24",-0.7,-7.9,2
"2023-01-25",0.8,-4.2,4.8
"2023-01-26",0.4,-7.4,0
"2023-01-27",-0.6,-8.5,0
"2023-01-28",0.2,-6.1,0
"2023-01-29",4.3,-4.7,1.9
"2023-01-30",0.5,-2.4,42.7
"2023-01-31",-0.8,-3.5,0
"2023-02-01",-0.6,-4.3,0
"2023-02-02",0.7,-3.8,0
"2023-02-03",2.5,-3.5,1.6
"2023-02-04",3.2,-3,6.9
"2023-02-05",2.9,-5.5,0
"2023-02-06",0.8,-2,11.7
"2023-02-07",-0.2,-5.4,0
"2023-02-08",2.1,-5.3,1.5
"2023-02-09",-0.3,-4.1,14.6
"2023-02-10",6.6,-4.1,5.6
"2023-02-11",0.1,-4,28.2
"2023-02-12",1.8,-5.3,6.9
"2023-02-13",-1.2,-8.4,0
"2023-02-14",1.7,-6.1,0
"2023-02-15",3.9,-3.3,0
"2023-02-16",4.8,-1.1,0
"2023-02-17",4.7,-2.2,0
"2023-02-18",7.5,-1.7,0
"2023-02-19",7.4,2.4,2.6
"2023-02-20",7.8,-0.4,9.8
"2023-02-21",5,-1.4,2.7
"2023-02-22",7.5,-4,0
"2023-02-23",9.1,-3.6,0
"2023-02-24",8.9,-1.4,0
"2023-02-25",7.6,-1.4,0
"2023-02-26",7.2,0.9,12.1
"2023-02-27",9.4,0.2,2.1
"2023-02-28",4.9,-1.8,3
"2023-03-01",4.2,0.2,19
"2023-03-02",4,0.3,23.9
"2023-03-03",9.8,-0.5,4.8
"2023-03-04",11.3,1.7,0
"2023-03-05",10.2,1,0
"2023-03-06",10.8,-1.4,0
"2023-03-07",12.3,-3,0
"2023-03-08",13.2,-0.5,0
"2023-03-09",13.4,-3.2,0
"2023-03-10",13.4,-3.4,0
"2023-03-11",13.8,-0.5,0
"2023-03-12",13.2,-2.2,0.2
"2023-03-13",13.8,3.1,0
"2023-03-14",14.9,-2.8,0
"2023-03-15",15.7,-1.3,0
"2023-03-16",15.2,0.1,2.6
"2023-03-17",9.7,4.1,6.8
"2023-03-18",11.1,4.5,14.7
"2023-03-19",11.9,1.5,8.9
"2023-03-20",13.4,2.2,7
"2023-03-21",14.4,0.6,0
"2023-03-22",15.9,1.5,1.3
"2023-03-23",15.6,0.4,0.1
"2023-03-24",15.6,1.4,4.9
"2023-03-25",8.4,1.5,41.2
"2023-03-26",13.7,2.1,0
"2023-03-27",15.2,-0.3,0
"2023-03-28",16.1,-0.1,0
"2023-03-29",17,0.9,0.1
"2023-03-30",15,2.2,0
"2023-03-31",13.5,2.9,1.2
"2023-04-01",9.8,4.1,20.7
"2023-04-02",15.4,2.2,3
"2023-04-03",13.6,3.7,15.6
"2023-04-04",12.3,4.2,20.5
"2023-04-05",14.6,0.2,1
"2023-04-06",12.3,2.1,19.9
"2023-04-07",15.8,-1.8,0
"2023-04-08",18.7,0.6,0
"2023-04-09",20,1.3,0
"2023-04-10",20.4,1.6,0
"2023-04-11",20.8,3,0
"2023-04-12",21.4,3.4,0
"2023-04-13",22.7,3.8,0
"2023-04-14",23.1,4.3,0
"2023-04-15",23.1,5.2,0.1
"2023-04-16",13.8,7.1,5.6
"2023-04-17",20,6.4,10
"2023-04-18",10.1,6,32.9
"2023-04-19",12.1,5.6,30.1
"2023-04-20",15,4.2,10.2
"2023-04-21",12.3,2.2,36.7
"2023-04-22",14,2.7,4.8
"2023-04-23",19.7,4.2,0
"2023-04-24",21.1,2.2,0
"2023-04-25",21.6,3.8,0
"2023-04-26",18.3,4.4,11.1
"2023-04-27",17,5.5,5.6
"2023-04-28",15,5.3,7.1
"2023-04-29",19.6,4.4,0
"2023-04-30",20.8,5.1,0
"2023-05-01",19.2,6.3,0.2
"2023-05-02",14.2,9,14.6
"2023-05-03",16.1,7.3,6.4
"2023-05-04",16.7,5,1.9
"2023-05-05",17.4,6.5,7.6
"2023-05-06",16.4,6.4,3.8
"2023-05-07",14.3,5.8,28.7
"2023-05-08",12.5,5.1,39.9
"2023-05-09",17.2,3.3,6
"2023-05-10",20.8,3.8,0
"2023-05-11",22.1,3.8,0
"2023-05-12",22.6,5,0
"2023-05-13",21.6,6.3,0
"2023-05-14",17.8,7.5,4.4
"2023-05-15",21.4,6.6,0
"2023-05-16",22.3,7,0
"2023-05-17",23,7.8,0
"2023-05-18",17,9.2,2.6
"2023-05-19",21.8,7.5,0.4
"2023-05-20",24,7.2,0
"2023-05-21",26,7.6,0
"2023-05-22",26.8,8.8,0
"2023-05-23",19,10.8,14.2
"2023-05-24",17.2,11.1,17.5
"2023-05-25",18.9,9.7,8.6
"2023-05-26",16.6,9,17.1
"2023-05-27",19.3,7,1.1
"2023-05-28",21.7,8.5,0
"2023-05-29",23.7,8.3,11.3
"2023-05-30",16,9.4,5
"2023-05-31",14,9.7,12.8
"2023-06-01",14.2,9.5,8.8
"2023-06-02",20.6,7.3,1.1
"2023-06-03",21.6,8,0.1
"2023-06-04",22.4,7.2,0
"2023-06-05",22.4,8.7,5.8
"2023-06-06",21.2,10.7,0.6
"2023-06-07",21.8,9.3,0.2
"2023-06-08",24.5,10.6,0
"2023-06-09",26.7,10.7,0
"2023-06-10",26.7,11.9,0
"2023-06-11",26,13.3,0
"2023-06-12",26.5,11.4,0
"2023-06-13",25.8,12.6,0.6
"2023-06-14",24.7,13.5,0
"2023-06-15",25,13.2,0
"2023-06-16",26,12.1,0
"2023-06-17",27,12.8,0.2
"2023-06-18",28.8,13,0
"2023-06-19",30.1,14.1,0
"2023-06-20",31.1,14.3,0
"2023-06-21",32.4,14.9,0
"2023-06-22",33,15.9,0
"2023-06-23",33.1,17.3,0
"2023-06-24",31.3,18.4,0.8
"2023-06-25",30.5,18.2,2.5
"2023-06-26",24.5,17.5,20.7
"2023-06-27",27.1,17,1.8
"2023-06-28",27.1,16,0.1
"2023-06-29",27.1,16.1,24.5
"2023-06-30",26.6,15.6,3.9
"2023-07-01",28.1,14.7,5.8
"2023-07-02",29.3,14.7,0
"2023-07-03",29.4,16.1,1.9
"2023-07-04",27.7,16.9,14.3
"2023-07-05",23.7,15.3,4.6
"2023-07-06",26.3,14.2,1.3
"2023-07-07",19.1,14,21.2
"2023-07-08",19.5,13.1,21.9
"2023-07-09",24.8,13.9,0.8
"2023-07-10",26.9,13.7,0
"2023-07-11",27.8,15.6,0
"2023-07-12",28.9,14.7,0
"2023-07-13",28.7,16.7,0
"2023-07-14",30.8,17.7,0
"2023-07-15",29.3,17.8,0.1
"2023-07-16",26.9,18.1,25.1
"2023-07-17",28.9,17,1
"2023-07-18",30.4,17.6,0
"2023-07-19",23.7,19.6,11.7
"2023-07-20",27.8,16.8,0
"2023-07-21",27.4,18.2,9.3
"2023-07-22",26.1,17.5,30.6
"2023-07-23",25.6,17.6,14.5
"2023-07-24",27.2,16.3,13.3
"2023-07-25",26.4,16.7,0.3
"2023-07-26",28.2,16.2,0.1
"2023-07-27",27.4,17.9,3
"2023-07-28",25.2,16.8,26.3
"2023-07-29",24.1,15.4,17.2
"2023-07-30",27.2,13.5,0
"2023-07-31",28.5,15.6,0
"2023-08-01",29.4,16,0
"2023-08-02",29.5,17.1,0.2
"2023-08-03",28.6,17.6,0
"2023-08-04",29.7,17.6,4.2
"2023-08-05",28.6,18.1,0.1
"2023-08-06",28.3,17.5,20.2
"2023-08-07",27.1,16.7,3.2
"2023-08-08",29.4,14.5,0
"2023-08-09",29.9,15.7,0
"2023-08-10",30.1,17.5,0
"2023-08-11",30.8,17.7,0
"2023-08-12",31.7,17.2,0
"2023-08-13",31.8,18.1,0.4
"2023-08-14",29.4,18.1,3.8
"2023-08-15",29.6,16.5,0.2
"2023-08-16",29.9,16.6,0
"2023-08-17",30.8,17.5,0
"2023-08-18",31.1,16.6,0
"2023-08-19",31.2,17.1,0
"2023-08-20",31.9,18.2,0
"2023-08-21",33,17.8,0
"2023-08-22",33.5,19.6,0
"2023-08-23",32.9,18.3,0
"2023-08-24",25.8,19.4,4.3
"2023-08-25",25.7,16.8,4.5
"2023-08-26",25.1,15.7,3.6
"2023-08-27",27,13.7,0
"2023-08-28",26.9,14.2,0.8
"2023-08-29",27.8,13.5,0
"2023-08-30",30,13,0
"2023-08-31",31.1,14.2,0
"2023-09-01",31.5,15,0
"2023-09-02",30.8,15.7,0
"2023-09-03",28.3,16.5,3.2
"2023-09-04",30.5,14.2,0
"2023-09-05",29.9,15.2,0
"2023-09-06",29.1,14,0
"2023-09-07",30.4,14.4,0
"2023-09-08",31.2,14,0
"2023-09-09",31.4,14.8,0
"2023-09-10",31.9,16.4,0
"2023-09-11",32.3,16.6,0
"2023-09-12",32.7,16.2,0
"2023-09-13",33.5,17.5,0
"2023-09-14",31.9,18.3,0
"2023-09-15",31.7,18,1
"2023-09-16",30.1,16.6,0.7
"2023-09-17",29.8,16.5,0
"2023-09-18",27.8,16.7,2
"2023-09-19",27.7,14.9,8.4
"2023-09-20",27.8,14.9,4.5
"2023-09-21",28.9,14.4,0.5
"2023-09-22",27.5,15,0
"2023-09-23",26.2,12.8,0.5
"2023-09-24",25.5,13.2,1
"2023-09-25",23,11,1.6
"2023-09-26",25.1,9.1,0.1
"2023-09-27",26.7,9.7,0
"2023-09-28",26.7,9.9,0.1
"2023-09-29",26.1,9.4,0.7
"2023-09-30",25.9,9.9,0
"2023-10-01",25.6,9,0.2
"2023-10-02",24.1,9.4,0.5
"2023-10-03",25.6,8.1,0
"2023-10-04",26.5,8.6,0
"2023-10-05",27,8.6,0
"2023-10-06",27.7,9.1,0
"2023-10-07",27.4,10.9,0.3
"2023-10-08",26.6,10.1,0
"2023-10-09",26,10,1.4
"2023-10-10",20.8,8.5,4.7
"2023-10-11",23.1,7.9,0
"2023-10-12",25.2,7.8,0
"2023-10-13",24.7,9.7,0
"2023-10-14",17.1,10.4,8.5
"2023-10-15",17,7.9,11.7
"2023-10-16",11.8,7.5,11.4
"2023-10-17",10.6,3.6,4.7
"2023-10-18",14.1,3.4,0
"2023-10-19",15.6,2.8,0
"2023-10-20",17.1,2.7,0
"2023-10-21",18,3,0
"2023-10-22",17.8,4.4,0
"2023-10-23",16.7,3.4,0
"2023-10-24",17.5,3.3,1.8
"2023-10-25",17.4,2.6,0
"2023-10-26",18.3,3.6,0
"2023-10-27",19,3.7,0
"2023-10-28",19.5,3.7,0
"2023-10-29",19.5,4.4,0
"2023-10-30",19.4,4.7,0
"2023-10-31",19.4,4.5,0
"2023-11-01",19.1,3.7,0
"2023-11-02",17.3,5.9,0.6
"2023-11-03",14.9,4.8,0
"2023-11-04",16.6,4.8,0
"2023-11-05",16.9,3.9,0
"2023-11-06",16.5,4.2,0
"2023-11-07",16.7,4.9,0
"2023-11-08",17,6.2,0
"2023-11-09",16.5,3.1,6.1
"2023-11-10",8,4.1,7.6
"2023-11-11",12.1,4,0
"2023-11-12",11.9,-0.7,0
"2023-11-13",14.6,2.2,0
"2023-11-14",14.8,0,0
"2023-11-15",13.7,-0.5,0
"2023-11-16",13.4,2,0
"2023-11-17",13.4,1.2,0
"2023-11-18",13,2.2,0
"2023-11-19",14.4,3.8,0
"2023-11-20",14.1,1.1,0
"2023-11-21",14,2.8,0
"2023-11-22",13.3,0.9,0
"2023-11-23",13.9,1.6,0
"2023-11-24",13.8,0.5,0
"2023-11-25",12.7,3,0
"2023-11-26",12.2,3.1,0
"2023-11-27",12,2.3,0.3
"2023-11-28",13,1.6,0.1
"2023-11-29",12.2,-0.3,9.3
"2023-11-30",5.8,2.1,23.4
"2023-12-01",7.8,0.7,9
"2023-12-02",7.7,-1.4,0
"2023-12-03",7.5,-0.5,0
"2023-12-04",10.4,0.1,0
"2023-12-05",9.5,-3,0
"2023-12-06",9.5,-0.1,0
"2023-12-07",8.8,-1.2,0
"2023-12-08",8.5,-1.7,0
"2023-12-09",8.8,-4.3,0
"2023-12-10",9.2,-4.6,0
"2023-12-11",7.2,-1.3,0
"2023-12-12",10.1,-4.3,0
"2023-12-13",9.1,-5.1,0
"2023-12-14",8,-4.6,0
"2023-12-15",10.5,-4,0
"2023-12-16",6.1,-3.7,3.2
"2023-12-17",3.4,-3.6,18.4
"2023-12-18",2.1,-7.8,0
"2023-12-19",4.2,-5.9,0
"2023-12-20",5,-6.3,0
"2023-12-21",6.8,-2.7,0
"2023-12-22",7.2,-1.9,0
"2023-12-23",6.6,-0.3,5.3
"2023-12-24",2.9,-5.2,0
"2023-12-25",6.7,-2.3,0
"2023-12-26",7.9,-4.1,0
"2023-12-27",9,-3.8,0
"2023-12-28",8.8,-3.7,0
"2023-12-29",8.1,-2.8,0
"2023-12-30",9.5,-0.8,0
"2023-12-31",9.1,-1,0
"2024-01-01",8.7,-3.3,0
"2024-01-02",8.2,-4.9,0
"2024-01-03",8.9,-3.9,0
"2024-01-04",7.9,-3.5,0
"2024-01-05",9.3,-0.8,0
"2024-01-06",9.1,-4.3,0
"2024-01-07",9.3,-3,0
"2024-01-08",10.8,-3.4,0
"2024-01-09",10.1,-3.4,0
"2024-01-10",8.4,-4.4,0
"2024-01-11",8.2,-2,0
"2024-01-12",8.4,-1.9,0
"2024-01-13",11.1,-1.1,0
"2024-01-14",10.2,-4.4,0
"2024-01-15",11.1,-3.2,0
"2024-01-16",11.4,-3.9,0
"2024-01-17",9.7,-3.4,0
"2024-01-18",9.1,-5,0
"2024-01-19",9.1,-5.4,0
"2024-01-20",9.3,-3.8,0
"2024-01-21",8.8,-4.4,0
"2024-01-22",9.7,-4.2,0
"2024-01-23",10,-3.6,0
"2024-01-24",9.8,-4.2,0
"2024-01-25",9.2,-4.4,0
"2024-01-26",7.9,0,5.2
"2024-01-27",8.1,-3.7,0
"2024-01-28",6.3,-0.4,11.1
"2024-01-29",7.5,-1.3,11.4
"2024-01-30",5.3,-4.6,16.3
"2024-01-31",2.5,-3.8,21.6
"2024-02-01",0.6,-2.1,32.8
"2024-02-02",-1.7,-11.4,2.4
"2024-02-03",-3.2,-7.9,7.6
"2024-02-04",0.3,-7.4,24.6
"2024-02-05",-0.1,-7.8,0
"2024-02-06",0.1,-10.8,0
"2024-02-07",0.4,-12.4,0
"2024-02-08",0.5,-14.9,0
"2024-02-09",-0.6,-9.3,0
"2024-02-10",2.3,-7.8,0
"2024-02-11",2.6,-7.6,0
"2024-02-12",3.4,-6.6,0
"2024-02-13",6.6,-2.5,0
"2024-02-14",6.6,-7.5,0
"2024-02-15",6.9,-5.5,0
"2024-02-16",8.4,-1.6,0
"2024-02-17",10.1,2.3,0
"2024-02-18",5.9,-0.9,21.6
"2024-02-19",4.7,-1.8,45.9
"2024-02-20",-0.6,-4.8,9.4
"2024-02-21",-0.8,-6.5,14.6
"2024-02-22",-0.3,-9.7,0
"2024-02-23",-1,-9.8,0
"2024-02-24",0.2,-11.2,0.7
"2024-02-25",1,-6.2,1.1
"2024-02-26",0.8,-10.1,0
"2024-02-27",2.3,-4.2,0.3
"2024-02-28",6,-9.7,0
"2024-02-29",4.8,-7.8,0
"2024-03-01",2.5,-1.2,14.3
"2024-03-02",0.6,-0.8,80.4
"2024-03-03",1.4,-5.4,4.1
"2024-03-04",0.9,-8,0
"2024-03-05",1.3,-6.3,0
"2024-03-06",4.2,-5.2,0
"2024-03-07",3.9,-0.1,0.3
"2024-03-08",8.4,-6.7,0.1
"2024-03-09",10,-4,0
"2024-03-10",8.1,-1.8,0
"2024-03-11",11,1.4,0
"2024-03-12",13.6,0.9,2.1
"2024-03-13",11.2,-1.4,4.7
"2024-03-14",11.5,0,14.3
"2024-03-15",11.8,-4.4,0
"2024-03-16",14.2,-3.2,0
"2024-03-17",14.5,-2.8,0
"2024-03-18",14.8,-0.6,0
"2024-03-19",15.8,-1.2,0
"2024-03-20",15.9,-0.9,0
"2024-03-21",14.7,3.4,4
"2024-03-22",12.2,2.1,15.5
"2024-03-23",14.6,-1,1.7
"2024-03-24",18.4,3.7,0
"2024-03-25",18.5,1.5,0
"2024-03-26",17.4,1.7,0
"2024-03-27",17.7,7.2,4.2
"2024-03-28",15.7,7.9,22.4
"2024-03-29",11.8,5.2,44.5
"2024-03-30",12.2,3.5,26.9
"2024-03-31",14.4,1.5,20.4
"2024-04-01",16.9,0.8,0
"2024-04-02",18,0.7,0.3
"2024-04-03",13.1,2.4,20.9
"2024-04-04",14.7,1.6,0.6
"2024-04-05",15.2,2.5,3.2
"2024-04-06",17,0.9,0
"2024-04-07",18.5,1.9,0
"2024-04-08",19,1.4,0
"2024-04-09",19.9,1.7,0
"2024-04-10",20.2,3,0.6
"2024-04-11",17.2,6.3,7.3
"2024-04-12",17.9,3.4,0
"2024-04-13",19,6.4,6.9
"2024-04-14",14,7.1,42.8
"2024-04-15",14.5,5.5,20.8
"2024-04-16",18.8,5.7,14.9
"2024-04-17",20,3.8,0.2
"2024-04-18",17.9,8.3,9.1
"2024-04-19",14.4,5.7,14.5
"2024-04-20",17.7,5,2.9
"2024-04-21",18.9,6.7,1.8
"2024-04-22",19,7.6,0
"2024-04-23",19.8,5.9,0.1
"2024-04-24",19.8,5.1,0
"2024-04-25",21.3,5.6,0
"2024-04-26",21.3,6.4,5.1
"2024-04-27",11.7,5,42.6
"2024-04-28",12.8,4.1,48.8
"2024-04-29",11,4.7,43.9
"2024-04-30",15.8,2.9,22.1
"2024-05-01",17.1,3.9,0.4
"2024-05-02",20.2,2.5,0
"2024-05-03",20.4,4.7,2
"2024-05-04",17.1,8.1,18.4
"2024-05-05",21,4.9,0
"2024-05-06",22.8,6.4,0
"2024-05-07",24.3,6.8,0
"2024-05-08",24.9,6.8,0
"2024-05-09",26,8.1,0
"2024-05-10",25.5,8.5,0
"2024-05-11",22.5,8.6,0
"2024-05-12",18.3,8.7,12.6
"2024-05-13",20.3,6.8,0
"2024-05-14",23.3,5.5,0
"2024-05-15",26,7.3,0
"2024-05-16",25.6,8.3,0
"2024-05-17",25.8,9,0
"2024-05-18",25.9,9,0
"2024-05-19",25.1,9.7,2.2
"2024-05-20",24.4,9.7,0.2
"2024-05-21",26.2,9.2,0
"2024-05-22",27.9,9.9,0
"2024-05-23",28.2,10.4,0
"2024-05-24",26.6,10.2,0
"2024-05-25",27.8,10.8,0
"2024-05-26",29,10.3,0.1
"2024-05-27",29.1,10.8,0
"2024-05-28",29.2,10.7,0
"2024-05-29",27.3,9.9,0
"2024-05-30",26.4,10.8,0
"2024-05-31",26.2,10.6,0
"2024-06-01",25.9,13,2
"2024-06-02",27.8,10.6,0
"2024-06-03",29.2,10.4,0
"2024-06-04",27.2,10.9,0
"2024-06-05",24.9,11,8
"2024-06-06",20.7,9.8,8.8
"2024-06-07",21.7,9.2,1.4
"2024-06-08",20.6,8.9,1.2
"2024-06-09",24.2,9,0
"2024-06-10",25.7,10.3,0.3
"2024-06-11",27.1,10.5,0
"2024-06-12",28.3,10.9,0
"2024-06-13",26.4,13.3,0
"2024-06-14",26.4,13.5,0.6
"2024-06-15",28,12.5,0
"2024-06-16",30.4,14,0
"2024-06-17",29.8,13.4,0
"2024-06-18",28,13.9,0.1
"2024-06-19",25.9,14.5,0
"2024-06-20",25.8,13,0
"2024-06-21",20.2,13,14.2
"2024-06-22",24.1,11.1,0.1
"2024-06-23",27.2,12.7,0
"2024-06-24",29.1,15.8,0
"2024-06-25",30,15,0
"2024-06-26",31.4,14.3,0
"2024-06-27",32.1,15.3,0
"2024-06-28",31.9,16.2,0
"2024-06-29",31.7,19.2,0
"2024-06-30",31.8,18.6,0.1
"2024-07-01",32.8,20.6,0
"2024-07-02",33.1,18.8,0
"2024-07-03",33.5,17.4,0
"2024-07-04",33.9,21.5,0.1
"2024-07-05",28.9,18.3,20.5
"2024-07-06",28.2,15.7,22.2
"2024-07-07",28.7,16.5,0
"2024-07-08",30.3,14.6,0
"2024-07-09",31.9,14,0
"2024-07-10",32.4,17.1,0
"2024-07-11",32.2,16.5,0
"2024-07-12",30.7,17.1,0
"2024-07-13",29.7,16,0.5
"2024-07-14",30.7,16.9,2.1
"2024-07-15",31.2,17.4,0
"2024-07-16",32.3,16.1,0
"2024-07-17",32.9,17.5,0
"2024-07-18",28.6,18.8,0
"2024-07-19",32.2,17.9,0
"2024-07-20",33,20.3,0
"2024-07-21",33.9,18.6,0
"2024-07-22",34.3,20.3,0
"2024-07-23",31.7,22,0
"2024-07-24",33,19.2,2.2
"2024-07-25",34.4,21.3,0
"2024-07-26",35,19.8,0
"2024-07-27",35.3,22,0
"2024-07-28",35.4,24,0.1
"2024-07-29",31.1,22.8,8
"2024-07-30",31.3,20.9,1.5
"2024-07-31",33,20,0
"2024-08-01",29.7,19.9,10.5
"2024-08-02",32.2,19.6,0.4
"2024-08-03",31.9,21.4,2.9
"2024-08-04",27.7,20.3,20.4
"2024-08-05",27.5,19.1,12.1
"2024-08-06",30.7,20.2,0.7
"2024-08-07",28.1,18,21.7
"2024-08-08",29.5,18.6,0.8
"2024-08-09",30.4,19.2,0
"2024-08-10",31.4,19.8,1.6
"2024-08-11",27.3,18.3,15.9
"2024-08-12",29.8,17.6,0.2
"2024-08-13",31.7,18.8,0
"2024-08-14",32.1,20.7,0.6
"2024-08-15",25.8,19.2,13.6
"2024-08-16",29.3,17.5,2
"2024-08-17",24.1,18.5,18.3
"2024-08-18",27.8,17.5,0
"2024-08-19",28.6,17,4.5
"2024-08-20",26.9,17.1,12.1
"2024-08-21",24.9,15.5,0.2
"2024-08-22",28.5,13.3,0.2
"2024-08-23",29.3,15.7,0
"2024-08-24",30,15.6,0
"2024-08-25",30.9,16.8,0
"2024-08-26",31.2,17.2,0
"2024-08-27",27.5,17.3,0
"2024-08-28",22.7,15.5,23.3
"2024-08-29",19.9,15.4,40.2
"2024-08-30",23.9,15.7,2.9
"2024-08-31",26.4,14.1,0
"2024-09-01",28.4,15.3,0
"2024-09-02",26.2,15.7,39.3
"2024-09-03",21.2,15.8,23.4
"2024-09-04",25.5,14,0
"2024-09-05",27.7,15.2,0
"2024-09-06",26,15.9,4.8
"2024-09-07",25.7,14.9,1.6
"2024-09-08",26.9,13.5,0.5
"2024-09-09",27.5,13.5,0
"2024-09-10",27.6,14.2,0.4
"2024-09-11",27.8,13.8,0
"2024-09-12",28.6,12.4,0
"2024-09-13",28.4,11.8,0
"2024-09-14",25.8,13.4,2.6
"2024-09-15",26.8,12.9,0
"2024-09-16",28.3,11.8,0
"2024-09-17",28.6,11.7,0
"2024-09-18",29,11.5,0
"2024-09-19",22.2,12.9,4.7
"2024-09-20",28.2,14.4,0
"2024-09-21",30.5,16.1,0
"2024-09-22",31.4,14.7,0
"2024-09-23",31.3,15.1,0
"2024-09-24",31.7,14.2,0
"2024-09-25",31,15.8,0
"2024-09-26",30.2,15.4,0
"2024-09-27",24.7,15.4,3.6
"2024-09-28",25.3,12.7,12.2
"2024-09-29",26.2,13.7,0
"2024-09-30",27.8,11.2,0
"2024-10-01",28.2,10.5,0
"2024-10-02",28.4,11.5,0
"2024-10-03",28.8,10.4,0
"2024-10-04",28,10.5,0
"2024-10-05",26.9,10.4,0.2
"2024-10-06",24.1,12.1,1.6
"2024-10-07",25.8,10,0
"2024-10-08",20.3,11.3,0.3
"2024-10-09",21.3,8.2,2.3
"2024-10-10",22.9,9,0
"2024-10-11",24,6.9,0
"2024-10-12",24.6,9.5,0
"2024-10-13",25.4,7.4,0
"2024-10-14",24.5,7.9,0
"2024-10-15",24.5,7.8,0
"2024-10-16",24.6,7.7,0
"2024-10-17",24.1,7.5,0.5
"2024-10-18",23.6,7.6,0
"2024-10-19",24,7.1,0
"2024-10-20",24.8,8,0
"2024-10-21",23.8,8,0
"2024-10-22",24.1,8,0
"2024-10-23",23.1,7.2,0
"2024-10-24",22.6,8,0
"2024-10-25",23.7,6.9,0
"2024-10-26",24.5,9.7,0
"2024-10-27",24.5,7.9,0
"2024-10-28",24.1,7.7,0
"2024-10-29",15.3,8.6,17.1
"2024-10-30",17.4,6.7,8.3
"2024-10-31",18.9,4.3,0
"2024-11-01",18.6,3.4,0
"2024-11-02",20.1,4.4,0
"2024-11-03",21,5.4,0
"2024-11-04",21,5.2,0
"2024-11-05",20.6,7.3,0
"2024-11-06",20.3,6.3,0
"2024-11-07",20.6,7.9,0
"2024-11-08",20.6,9.6,0
"2024-11-09",20.2,6.7,0.5
"2024-11-10",18.8,5.9,0
"2024-11-11",14.3,5.7,20.4
"2024-11-12",14.6,3.7,3.4
"2024-11-13",15.5,1.6,1
"2024-11-14",15.2,1.8,3.4
"2024-11-15",10.8,1.2,7.9
"2024-11-16",8.5,1.4,42.2
"2024-11-17",11.7,-2.6,0
"2024-11-18",13.4,-2.8,0
"2024-11-19",14,-2.3,0
"2024-11-20",13.7,-2.3,0
"2024-11-21",14.8,-1.5,0
"2024-11-22",14.9,-1.5,0
"2024-11-23",9.5,-0.1,19.9
"2024-11-24",11.4,0.6,5.1
"2024-11-25",12.6,-1.3,0
"2024-11-26",13,-1.6,0
"2024-11-27",12.3,-2.6,0
"2024-11-28",11.4,-3.2,0
"2024-11-29",11.8,-0.8,0
"2024-11-30",10.9,1.2,3.1
"2024-12-01",8,-3.8,2.4
"2024-12-02",6.9,-2.3,15.3
"2024-12-03",6.9,-4.4,16.2
"2024-12-04",7.4,-6.1,0
"2024-12-05",8.8,-8.5,0
"2024-12-06",7.7,-8.8,0
"2024-12-07",7.4,-6.2,0.5
"2024-12-08",4.8,-4.5,25.6
"2024-12-09",1.8,-9.6,22.7
"2024-12-10",2.2,-12.8,0
"2024-12-11",3.8,-8.4,5.9
"2024-12-12",1.7,-6.3,28.7
"2024-12-13",2.1,-11.3,0
"2024-12-14",1.7,-13.7,0
"2024-12-15",5.3,-10.2,0
"2024-12-16",7.2,-8.8,0
"2024-12-17",6.8,-12.4,0
"2024-12-18",4.1,-11.2,0
"2024-12-19",5.5,-12.2,0
"2024-12-20",5.4,-12.1,0
"2024-12-21",4.9,-12.2,0
"2024-12-22",5.9,-6.6,0
"2024-12-23",4.8,-8,1.1
"2024-12-24",5,-9.6,0
"2024-12-25",4.3,-9.8,0
"2024-12-26",4.4,-10.9,0
"2024-12-27",6.5,-10.6,3.7
"2024-12-28",2.1,-4.2,9.7
"2024-12-29",1.8,-8.2,0
"2024-12-30",2,-10.1,0
"2024-12-31",4.5,-9.7,0
"2025-01-01",4.8,-9.1,0.4
